Quest Name,Objective,Steps,Min Level,Max Level,First Step Position
Проверка на вшивость,"Item Бронзовые часы на цепочке",1,2,11,"(100.57, 1.17, -6.82)"
Посылка из прошлого,"Item Защищенный кейс для документов 0022",1,5,17,"(-202.88, 7.07, -103.00)"
Компромат,"Item Защищенный кейс для документов 0031",1,6,18,"(204.14, 3.87, 12.88)"
Тряхнуть кассира,"Zone room214",1,9,24,"(176.42, 2.87, 184.25)"
Тряхнуть кассира,"Item Банковский кейс",1,9,24,"(178.18, 2.87, 149.54)"
Операция "Водолей". Часть 1,"Zone room206_water",1,6,18,"(232.24, 2.92, 138.88)"
Провизор,"Zone vaz_feld",1,10,25,"(577.58, -0.53, -1.82)"
Провизор,"Zone room114",1,10,25,"(235.48, -0.05, 160.07)"
Провизор,"Item Карбоновый кейс",1,10,25,"(239.18, -0.08, 161.40)"
Вымогатель,"Zone dead_posylni",1,7,20,"(28.13, 1.24, -109.23)"
Вымогатель,"Zone vremyan_case",1,7,20,"(368.89, 1.32, -49.89)"
Вымогатель,"Item Защищенный кейс для документов 0048",1,7,20,"(367.89, 1.32, -50.64)"
Золотые понты,"Zone extraction_zone_zibbo",2,8,22,"(-193.59, 1.54, -206.90)"
Золотые понты,"Item Золотая бензиновая зажигалка Zibbo",1,8,22,"(180.73, 5.87, 149.50)"
Реагент. Часть 1,"Zone bomj_place",1,10,25,"(487.06, 5.68, -139.32)"
Реагент. Часть 1,"Item Защищенный кейс для документов 0013",1,10,25,"(498.21, 5.60, -141.25)"
Реагент. Часть 2,"Item Защищенный флеш-накопитель Sliderkey",1,10,25,"(193.46, 2.87, 170.85)"
Реагент. Часть 2,"Item Запечатанное письмо c логотипом TG",1,10,25,"(194.78, 5.87, 173.13)"
Реагент. Часть 4,"Zone gazel",1,11,27,"(481.67, 2.62, -76.20)"
Простое любопытство,"Zone gazel",1,11,27,"(481.67, 2.62, -76.20)"
Большой заказчик,"Zone gazel",1,11,27,"(481.67, 2.62, -76.20)"
Нефтянка,"Zone fuel1",1,5,17,"(431.38, 1.07, 17.33)"
Нефтянка,"Zone fuel2",1,5,17,"(100.67, 1.17, -12.41)"
Нефтянка,"Zone fuel3",1,5,17,"(336.15, 1.22, -191.23)"
Нефтянка,"Zone fuel4",1,5,17,"(-333.90, 1.49, -157.83)"
Сафари на тигра,"Zone place_peacemaker_002_N1",1,10,25,"(503.60, 0.12, -10.10)"
Сафари на тигра,"Zone place_peacemaker_002_N2",1,10,25,"(564.74, 0.07, -25.63)"
Сафари на тигра,"Zone place_peacemaker_002_N3",1,10,25,"(18.71, -0.78, -0.71)"
Секта. Часть 2,"Zone place_peacemaker_007_N1",1,18,41,"(184.14, 5.87, 183.42)"
Груз X. Часть 2,"Item Защищенный кейс для документов 0013",1,12,29,"(498.21, 5.60, -141.25)"
Садоводство. Часть 3,"Zone place_SADOVOD_03",1,14,33,"(-212.57, 1.12, -109.05)"
Садоводство. Часть 3,"Item Посылка с видеокартами",1,14,33,"(-202.59, 7.07, -98.80)"
Осведомлён значит вооружён,"Zone place_skier_11_2",2,24,51,"(24.39, -0.62, 103.85)"
Прикормка,"Zone place_skier_12_2",2,24,51,"(170.83, 5.87, 172.39)"
Деза,"Zone Q019_3",2,25,53,"(180.98, 5.87, 161.00)"
Деза,"Item Ложный флеш-накопитель",1,25,53,"(-94.16, 0.42, 5.01)"
Путь охотника. Злой вахтёр,"Zone huntsman_020",1,2,11,"(182.03, 2.87, 158.36)"
Захват аванпоста,"Zone prapor_27_1",1,42,82,"(195.50, 6.69, -138.62)"
Курьер,"Zone mech_41_1",2,52,92,"(170.24, 1.33, -104.73)"
Курьер,"Zone mech_41_2",2,52,92,"(424.42, 2.37, 25.79)"
Легкие деньги. Часть 1,"Zone place_flyers1",2,3,13,"(203.31, 1.77, -117.19)"
Водохлёб. Курьер,"Zone place_2A2_unlock_3_customs",2,15,35,"(12.73, -0.88, 36.04)"
Секреты заводских стен,"Item Кейс с точными инструментами",1,12,29,"(80.38, 4.72, -152.71)"
Каждый охотник знает где сидит фазан,"Zone Check_mine_zone_custom",1,2,11,"(171.26, 0.77, 159.45)"
Что-то мне это напоминает...,"Zone zone_vedro",2,25,53,"(568.94, 6.72, -58.00)"
Что-то мне это напоминает...,"Zone zone_battlefield",2,25,53,"(568.47, 6.77, -80.72)"
Что-то мне это напоминает...,"Zone zone_unity",2,25,53,"(172.90, 2.87, 182.20)"
Радикальные методы лечения,"Zone Halloween_zone_for_antivirus(bigmap)",2,2,11,"(-94.80, -11.73, -9.10)"
Шиномонтажка,"Zone Wrong_wheels",2,20,45,"(377.70, 0.62, 21.50)"
Цена независимости,"Item Письмо с компроматом",1,20,45,"(265.15, 12.67, -77.00)"
Цена независимости,"Item Письмо с компроматом",1,20,45,"(265.15, 12.67, -77.00)"
Спрятать на видном месте,"Zone new_year_2024_market_customs",1,0,99,"(9.45, -0.92, 90.13)"
Незаконная рубка,"Zone kill_in_forest_customs",1,2,11,"(115.28, -2.91, 186.83)"
Брошенный груз,"Zone TerragroupBOX_2",1,17,39,"(-183.21, 0.96, -132.60)"
Брошенный груз,"Zone TerragroupBOX_4",1,17,39,"(114.60, 1.32, -39.12)"
Брошенный груз,"Zone TerragroupBOX_3",1,17,39,"(61.04, 4.47, -66.25)"
Брошенный груз,"Zone TerragroupBOX_5",1,17,39,"(102.20, 1.32, -65.72)"
Брошенный груз,"Zone TerragroupBOX_1",1,17,39,"(148.72, 1.27, -66.85)"
Брошенный груз,"Zone TerragroupBOX_6",1,17,39,"(65.70, 9.22, -61.10)"
Брошенный груз,"Zone TerragroupBOX_7",1,17,39,"(66.10, 1.17, -48.17)"
Отследить отправление,"Item Отчёт о транспортировке грузов TerraGroup",1,17,39,"(90.15, 7.22, -56.66)"
Ближе к народу,"Item Журнал записей грузчиков",1,17,39,"(91.83, 1.37, -59.89)"
Сорвать сделку,"Zone Sniper_1",2,15,35,"(248.90, 11.72, -36.30)"
Сорвать сделку,"Zone Sniper_2",2,15,35,"(251.90, 8.47, -20.99)"
Сорвать сделку,"Zone Sniper_3",2,15,35,"(248.86, 5.22, -35.71)"
Сорвать сделку,"Zone Sniper_4",2,15,35,"(255.65, 11.72, -3.80)"
Страсть к эргономике,"Item Набор модернированных инструментов",1,12,29,"(-318.52, 1.07, -176.57)"
Умный в гору не пойдёт,"Zone exit777",1,2,11,"(-37.77, -13.33, 121.42)"
Инициация,"Zone Killoldoil",1,2,11,"(324.76, 1.12, -170.24)"
Инициация,"Zone Killnewoil",1,2,11,"(411.90, 2.67, 15.70)"
Закрытый клуб,"Item Бумажник Лыжника",1,24,51,"(49.01, 4.49, -58.05)"
Московий,"Zone gazel",1,20,45,"(481.67, 2.62, -76.20)"
Копаем глубже,"Zone room114",1,17,39,"(235.48, -0.05, 160.07)"
Копаем глубже,"Zone room206_water",1,17,39,"(232.24, 2.92, 138.88)"
Копаем глубже,"Item Карбоновый кейс",1,17,39,"(239.18, -0.08, 161.40)"
Следующий этап,"Item Защищенный кейс для документов 0022",1,17,39,"(-202.88, 7.07, -103.00)"
Следующий этап,"Item Защищенный кейс для документов 0031",1,17,39,"(204.14, 3.87, 12.88)"
Подбрасываем улики - Часть 2,"Item Ложный флеш-накопитель",1,25,53,"(-94.16, 0.42, 5.01)"
Вот Это Находка — Часть 2,"Item Защищенный кейс для документов 0022",1,17,39,"(-202.88, 7.07, -103.00)"
Вот Это Находка — Часть 2,"Item Защищенный кейс для документов 0031",1,17,39,"(204.14, 3.87, 12.88)"
Обоснованное вмешательство,"Item Отчёт о транспортировке грузов TerraGroup",1,17,39,"(90.15, 7.22, -56.66)"
Decisions Decisions,"Item Компромат на Распорядителя",1,3,13,"(182.95, 3.05, 164.17)"
Between Two Fires,"Item Компромат на Распорядителя",1,3,13,"(182.95, 3.05, 164.17)"
Рандеву с надеждой,"Zone huntsman_020",1,15,35,"(182.03, 2.87, 158.36)"
Spawn Point Wander,"Spawn Point (73.59 1.12 -63.47)",1,0,99,"(73.59, 1.12, -63.47)"
Spawn Point Wander,"Spawn Point (213.60 1.25 1.95)",1,0,99,"(213.60, 1.25, 1.95)"
Spawn Point Wander,"Spawn Point (571.41 1.49 -53.48)",1,0,99,"(571.41, 1.49, -53.48)"
Spawn Point Wander,"Spawn Point (-161.65 3.21 -126.49)",1,0,99,"(-161.65, 3.21, -126.49)"
Spawn Point Wander,"Spawn Point (68.78 1.19 -65.17)",1,0,99,"(68.78, 1.19, -65.17)"
Spawn Point Wander,"Spawn Point (122.22 1.35 -44.81)",1,0,99,"(122.22, 1.35, -44.81)"
Spawn Point Wander,"Spawn Point (584.06 9.66 146.22)",1,0,99,"(584.06, 9.66, 146.22)"
Spawn Point Wander,"Spawn Point (-273.48 0.98 -72.13)",1,0,99,"(-273.48, 0.98, -72.13)"
Spawn Point Wander,"Spawn Point (-220.21 1.07 -141.94)",1,0,99,"(-220.21, 1.07, -141.94)"
Spawn Point Wander,"Spawn Point (581.80 3.07 0.92)",1,0,99,"(581.80, 3.07, 0.92)"
Spawn Point Wander,"Spawn Point (288.07 1.72 -201.17)",1,0,99,"(288.07, 1.72, -201.17)"
Spawn Point Wander,"Spawn Point (447.43 7.60 111.09)",1,0,99,"(447.43, 7.60, 111.09)"
Spawn Point Wander,"Spawn Point (531.88 9.52 195.79)",1,0,99,"(531.88, 9.52, 195.79)"
Spawn Point Wander,"Spawn Point (546.89 2.21 45.56)",1,0,99,"(546.89, 2.21, 45.56)"
Spawn Point Wander,"Spawn Point (574.00 1.46 -114.85)",1,0,99,"(574.00, 1.46, -114.85)"
Spawn Point Wander,"Spawn Point (269.20 1.53 -55.64)",1,0,99,"(269.20, 1.53, -55.64)"
Spawn Point Wander,"Spawn Point (-195.95 1.46 -234.65)",1,0,99,"(-195.95, 1.46, -234.65)"
Spawn Point Wander,"Spawn Point (654.80 1.12 -164.44)",1,0,99,"(654.80, 1.12, -164.44)"
Spawn Point Wander,"Spawn Point (113.02 1.33 -58.58)",1,0,99,"(113.02, 1.33, -58.58)"
Spawn Point Wander,"Spawn Point (356.54 1.15 -24.19)",1,0,99,"(356.54, 1.15, -24.19)"
Spawn Point Wander,"Spawn Point (587.85 8.89 141.95)",1,0,99,"(587.85, 8.89, 141.95)"
Spawn Point Wander,"Spawn Point (-223.23 1.12 -147.52)",1,0,99,"(-223.23, 1.12, -147.52)"
Spawn Point Wander,"Spawn Point (62.20 9.02 -60.94)",1,0,99,"(62.20, 9.02, -60.94)"
Spawn Point Wander,"Spawn Point (570.06 1.49 -54.98)",1,0,99,"(570.06, 1.49, -54.98)"
Spawn Point Wander,"Spawn Point (172.61 2.84 157.34)",1,0,99,"(172.61, 2.84, 157.34)"
Spawn Point Wander,"Spawn Point (-132.90 -1.67 39.90)",1,0,99,"(-132.90, -1.67, 39.90)"
Spawn Point Wander,"Spawn Point (658.02 1.13 -59.18)",1,0,99,"(658.02, 1.13, -59.18)"
Spawn Point Wander,"Spawn Point (-151.78 1.26 -129.82)",1,0,99,"(-151.78, 1.26, -129.82)"
Spawn Point Wander,"Spawn Point (363.25 12.70 155.59)",1,0,99,"(363.25, 12.70, 155.59)"
Spawn Point Wander,"Spawn Point (-130.65 -2.11 38.91)",1,0,99,"(-130.65, -2.11, 38.91)"
Spawn Point Wander,"Spawn Point (100.60 1.17 -110.83)",1,0,99,"(100.60, 1.17, -110.83)"
Spawn Point Wander,"Spawn Point (69.75 7.75 -66.36)",1,0,99,"(69.75, 7.75, -66.36)"
Spawn Point Wander,"Spawn Point (569.05 1.46 -54.53)",1,0,99,"(569.05, 1.46, -54.53)"
Spawn Point Wander,"Spawn Point (568.89 -1.47 -25.54)",1,0,99,"(568.89, -1.47, -25.54)"
Spawn Point Wander,"Spawn Point (-131.27 -2.09 42.69)",1,0,99,"(-131.27, -2.09, 42.69)"
Spawn Point Wander,"Spawn Point (525.62 8.88 199.00)",1,0,99,"(525.62, 8.88, 199.00)"
Spawn Point Wander,"Spawn Point (317.34 1.13 -78.76)",1,0,99,"(317.34, 1.13, -78.76)"
Spawn Point Wander,"Spawn Point (107.14 16.22 -47.89)",1,0,99,"(107.14, 16.22, -47.89)"
Spawn Point Wander,"Spawn Point (-247.49 -0.23 -14.30)",1,0,99,"(-247.49, -0.23, -14.30)"
Spawn Point Wander,"Spawn Point (-309.95 0.99 -94.51)",1,0,99,"(-309.95, 0.99, -94.51)"
Spawn Point Wander,"Spawn Point (603.53 1.15 -139.34)",1,0,99,"(603.53, 1.15, -139.34)"
Spawn Point Wander,"Spawn Point (267.58 1.47 -75.20)",1,0,99,"(267.58, 1.47, -75.20)"
Spawn Point Wander,"Spawn Point (510.87 3.43 46.17)",1,0,99,"(510.87, 3.43, 46.17)"
Spawn Point Wander,"Spawn Point (339.32 1.19 -190.77)",1,0,99,"(339.32, 1.19, -190.77)"
Spawn Point Wander,"Spawn Point (-147.87 1.68 -135.64)",1,0,99,"(-147.87, 1.68, -135.64)"
Spawn Point Wander,"Spawn Point (-183.65 1.60 -190.07)",1,0,99,"(-183.65, 1.60, -190.07)"
Spawn Point Wander,"Spawn Point (125.18 1.32 -146.14)",1,0,99,"(125.18, 1.32, -146.14)"
Spawn Point Wander,"Spawn Point (-216.55 -1.46 -2.11)",1,0,99,"(-216.55, -1.46, -2.11)"
Spawn Point Wander,"Spawn Point (-329.38 1.02 -211.05)",1,0,99,"(-329.38, 1.02, -211.05)"
Spawn Point Wander,"Spawn Point (13.10 1.20 -125.63)",1,0,99,"(13.10, 1.20, -125.63)"
Spawn Point Wander,"Spawn Point (518.30 8.35 187.46)",1,0,99,"(518.30, 8.35, 187.46)"
Spawn Point Wander,"Spawn Point (478.00 2.70 -83.14)",1,0,99,"(478.00, 2.70, -83.14)"
Spawn Point Wander,"Spawn Point (19.39 1.14 -66.09)",1,0,99,"(19.39, 1.14, -66.09)"
Spawn Point Wander,"Spawn Point (253.80 51.98 -19.41)",1,0,99,"(253.80, 51.98, -19.41)"
Spawn Point Wander,"Spawn Point (430.82 1.88 54.86)",1,0,99,"(430.82, 1.88, 54.86)"
Spawn Point Wander,"Spawn Point (64.56 1.24 -45.25)",1,0,99,"(64.56, 1.24, -45.25)"
Spawn Point Wander,"Spawn Point (410.91 1.39 -112.01)",1,0,99,"(410.91, 1.39, -112.01)"
Spawn Point Wander,"Spawn Point (539.69 2.95 48.00)",1,0,99,"(539.69, 2.95, 48.00)"
Spawn Point Wander,"Spawn Point (569.75 1.49 -52.54)",1,0,99,"(569.75, 1.49, -52.54)"
Spawn Point Wander,"Spawn Point (582.31 9.79 147.50)",1,0,99,"(582.31, 9.79, 147.50)"
Spawn Point Wander,"Spawn Point (286.33 1.49 -52.32)",1,0,99,"(286.33, 1.49, -52.32)"
Spawn Point Wander,"Spawn Point (570.45 1.48 -111.76)",1,0,99,"(570.45, 1.48, -111.76)"
Spawn Point Wander,"Spawn Point (-221.70 -0.74 -3.36)",1,0,99,"(-221.70, -0.74, -3.36)"
Spawn Point Wander,"Spawn Point (-286.34 0.23 -232.64)",1,0,99,"(-286.34, 0.23, -232.64)"
Spawn Point Wander,"Spawn Point (385.71 1.12 -116.17)",1,0,99,"(385.71, 1.12, -116.17)"
Spawn Point Wander,"Spawn Point (604.95 1.21 -119.54)",1,0,99,"(604.95, 1.21, -119.54)"
Spawn Point Wander,"Spawn Point (195.34 1.79 -126.13)",1,0,99,"(195.34, 1.79, -126.13)"
Spawn Point Wander,"Spawn Point (-154.35 1.04 -128.10)",1,0,99,"(-154.35, 1.04, -128.10)"
Spawn Point Wander,"Spawn Point (-313.92 0.94 -88.66)",1,0,99,"(-313.92, 0.94, -88.66)"
Spawn Point Wander,"Spawn Point (119.71 1.11 -34.10)",1,0,99,"(119.71, 1.11, -34.10)"
Spawn Point Wander,"Spawn Point (-190.97 1.52 -236.69)",1,0,99,"(-190.97, 1.52, -236.69)"
Spawn Point Wander,"Spawn Point (-218.68 1.07 -148.43)",1,0,99,"(-218.68, 1.07, -148.43)"
Spawn Point Wander,"Spawn Point (503.20 1.18 -59.83)",1,0,99,"(503.20, 1.18, -59.83)"
Spawn Point Wander,"Spawn Point (585.74 9.53 145.81)",1,0,99,"(585.74, 9.53, 145.81)"
Spawn Point Wander,"Spawn Point (103.19 1.39 -70.66)",1,0,99,"(103.19, 1.39, -70.66)"
Spawn Point Wander,"Spawn Point (185.44 2.84 182.80)",1,0,99,"(185.44, 2.84, 182.80)"
Spawn Point Wander,"Spawn Point (226.41 -0.86 121.28)",1,0,99,"(226.41, -0.86, 121.28)"
Spawn Point Wander,"Spawn Point (-162.96 3.21 -168.46)",1,0,99,"(-162.96, 3.21, -168.46)"
Spawn Point Wander,"Spawn Point (587.99 1.10 -64.36)",1,0,99,"(587.99, 1.10, -64.36)"
Spawn Point Wander,"Spawn Point (548.07 2.84 47.55)",1,0,99,"(548.07, 2.84, 47.55)"
Spawn Point Wander,"Spawn Point (529.57 2.52 43.68)",1,0,99,"(529.57, 2.52, 43.68)"
Spawn Point Wander,"Spawn Point (-14.37 -7.74 126.36)",1,0,99,"(-14.37, -7.74, 126.36)"
Spawn Point Wander,"Spawn Point (19.32 1.29 -109.24)",1,0,99,"(19.32, 1.29, -109.24)"
Spawn Point Wander,"Spawn Point (422.29 4.16 97.16)",1,0,99,"(422.29, 4.16, 97.16)"
Spawn Point Wander,"Spawn Point (141.97 1.15 -14.98)",1,0,99,"(141.97, 1.15, -14.98)"
Spawn Point Wander,"Spawn Point (315.80 1.13 -82.13)",1,0,99,"(315.80, 1.13, -82.13)"
Spawn Point Wander,"Spawn Point (645.31 1.50 46.22)",1,0,99,"(645.31, 1.50, 46.22)"
Spawn Point Wander,"Spawn Point (478.86 2.70 -79.23)",1,0,99,"(478.86, 2.70, -79.23)"
Spawn Point Wander,"Spawn Point (614.44 -0.35 -102.62)",1,0,99,"(614.44, -0.35, -102.62)"
Spawn Point Wander,"Spawn Point (503.83 1.19 -55.25)",1,0,99,"(503.83, 1.19, -55.25)"
Spawn Point Wander,"Spawn Point (291.66 1.46 -197.11)",1,0,99,"(291.66, 1.46, -197.11)"
Spawn Point Wander,"Spawn Point (-197.23 1.51 -233.51)",1,0,99,"(-197.23, 1.51, -233.51)"
Spawn Point Wander,"Spawn Point (454.80 2.08 61.09)",1,0,99,"(454.80, 2.08, 61.09)"
Spawn Point Wander,"Spawn Point (391.59 1.32 -117.73)",1,0,99,"(391.59, 1.32, -117.73)"
Spawn Point Wander,"Spawn Point (-217.64 1.07 -144.94)",1,0,99,"(-217.64, 1.07, -144.94)"
Spawn Point Wander,"Spawn Point (5.87 1.38 -90.51)",1,0,99,"(5.87, 1.38, -90.51)"
Spawn Point Wander,"Spawn Point (641.47 1.27 43.53)",1,0,99,"(641.47, 1.27, 43.53)"
Spawn Point Wander,"Spawn Point (255.47 1.21 -108.38)",1,0,99,"(255.47, 1.21, -108.38)"
Spawn Point Wander,"Spawn Point (-1.93 -5.04 126.95)",1,0,99,"(-1.93, -5.04, 126.95)"
Spawn Point Wander,"Spawn Point (133.79 1.74 -82.03)",1,0,99,"(133.79, 1.74, -82.03)"
Spawn Point Wander,"Spawn Point (294.29 1.40 -195.74)",1,0,99,"(294.29, 1.40, -195.74)"
Spawn Point Wander,"Spawn Point (77.78 1.43 -108.10)",1,0,99,"(77.78, 1.43, -108.10)"
Spawn Point Wander,"Spawn Point (454.29 2.68 -81.54)",1,0,99,"(454.29, 2.68, -81.54)"
Spawn Point Wander,"Spawn Point (101.43 1.23 22.07)",1,0,99,"(101.43, 1.23, 22.07)"
Spawn Point Wander,"Spawn Point (-311.92 0.97 -124.97)",1,0,99,"(-311.92, 0.97, -124.97)"
Spawn Point Wander,"Spawn Point (480.55 2.70 -81.46)",1,0,99,"(480.55, 2.70, -81.46)"
Spawn Point Wander,"Spawn Point (314.13 1.21 -90.73)",1,0,99,"(314.13, 1.21, -90.73)"
Spawn Point Wander,"Spawn Point (34.18 1.09 -49.52)",1,0,99,"(34.18, 1.09, -49.52)"
Spawn Point Wander,"Spawn Point (71.49 7.75 -66.57)",1,0,99,"(71.49, 7.75, -66.57)"
Spawn Point Wander,"Spawn Point (102.48 1.38 -41.35)",1,0,99,"(102.48, 1.38, -41.35)"
Spawn Point Wander,"Spawn Point (620.14 -0.35 -96.98)",1,0,99,"(620.14, -0.35, -96.98)"
Spawn Point Wander,"Spawn Point (219.26 -0.56 196.37)",1,0,99,"(219.26, -0.56, 196.37)"
Spawn Point Wander,"Spawn Point (-300.56 0.03 -44.07)",1,0,99,"(-300.56, 0.03, -44.07)"
Spawn Point Wander,"Spawn Point (89.12 1.35 -47.82)",1,0,99,"(89.12, 1.35, -47.82)"
Spawn Point Wander,"Spawn Point (190.70 -0.13 175.85)",1,0,99,"(190.70, -0.13, 175.85)"
Spawn Point Wander,"Spawn Point (348.44 8.86 152.82)",1,0,99,"(348.44, 8.86, 152.82)"
Spawn Point Wander,"Spawn Point (-323.86 1.16 -225.60)",1,0,99,"(-323.86, 1.16, -225.60)"
Spawn Point Wander,"Spawn Point (188.06 1.29 -1.38)",1,0,99,"(188.06, 1.29, -1.38)"
Spawn Point Wander,"Spawn Point (54.05 7.75 -67.75)",1,0,99,"(54.05, 7.75, -67.75)"
Spawn Point Wander,"Spawn Point (121.73 1.35 -42.93)",1,0,99,"(121.73, 1.35, -42.93)"
Spawn Point Wander,"Spawn Point (569.89 1.49 -50.45)",1,0,99,"(569.89, 1.49, -50.45)"
Spawn Point Wander,"Spawn Point (27.55 -1.12 127.26)",1,0,99,"(27.55, -1.12, 127.26)"
Spawn Point Wander,"Spawn Point (15.96 1.31 -126.87)",1,0,99,"(15.96, 1.31, -126.87)"
Spawn Point Wander,"Spawn Point (418.83 1.11 56.67)",1,0,99,"(418.83, 1.11, 56.67)"
Spawn Point Wander,"Spawn Point (227.91 1.29 -86.40)",1,0,99,"(227.91, 1.29, -86.40)"
Spawn Point Wander,"Spawn Point (-170.24 1.06 -46.46)",1,0,99,"(-170.24, 1.06, -46.46)"
Spawn Point Wander,"Spawn Point (467.41 1.57 60.06)",1,0,99,"(467.41, 1.57, 60.06)"
Spawn Point Wander,"Spawn Point (480.24 2.70 -84.47)",1,0,99,"(480.24, 2.70, -84.47)"
Spawn Point Wander,"Spawn Point (377.71 1.42 -93.36)",1,0,99,"(377.71, 1.42, -93.36)"
Spawn Point Wander,"Spawn Point (6.49 1.27 -95.06)",1,0,99,"(6.49, 1.27, -95.06)"
Spawn Point Wander,"Spawn Point (647.48 1.88 48.37)",1,0,99,"(647.48, 1.88, 48.37)"
Spawn Point Wander,"Spawn Point (365.15 1.32 -108.90)",1,0,99,"(365.15, 1.32, -108.90)"
Spawn Point Wander,"Spawn Point (-134.19 -1.37 38.11)",1,0,99,"(-134.19, -1.37, 38.11)"
Spawn Point Wander,"Spawn Point (26.83 4.46 -60.01)",1,0,99,"(26.83, 4.46, -60.01)"
Spawn Point Wander,"Spawn Point (-206.28 -1.28 2.24)",1,0,99,"(-206.28, -1.28, 2.24)"
Spawn Point Wander,"Spawn Point (471.20 2.66 -54.30)",1,0,99,"(471.20, 2.66, -54.30)"
Spawn Point Wander,"Spawn Point (375.09 1.42 -88.80)",1,0,99,"(375.09, 1.42, -88.80)"
Spawn Point Wander,"Spawn Point (519.84 7.77 204.15)",1,0,99,"(519.84, 7.77, 204.15)"
Spawn Point Wander,"Spawn Point (98.09 1.14 -107.22)",1,0,99,"(98.09, 1.14, -107.22)"
Spawn Point Wander,"Spawn Point (-148.30 1.61 -143.65)",1,0,99,"(-148.30, 1.61, -143.65)"
Spawn Point Wander,"Spawn Point (-236.43 1.50 -235.90)",1,0,99,"(-236.43, 1.50, -235.90)"
Spawn Point Wander,"Spawn Point (544.70 2.90 48.06)",1,0,99,"(544.70, 2.90, 48.06)"
Spawn Point Wander,"Spawn Point (-333.83 -0.42 -84.48)",1,0,99,"(-333.83, -0.42, -84.48)"
Spawn Point Wander,"Spawn Point (97.21 1.43 -42.70)",1,0,99,"(97.21, 1.43, -42.70)"
Spawn Point Wander,"Spawn Point (236.27 1.21 -95.12)",1,0,99,"(236.27, 1.21, -95.12)"
Spawn Point Wander,"Spawn Point (394.93 1.42 -84.03)",1,0,99,"(394.93, 1.42, -84.03)"
Spawn Point Wander,"Spawn Point (174.65 -0.13 152.71)",1,0,99,"(174.65, -0.13, 152.71)"
Spawn Point Wander,"Spawn Point (208.20 1.78 -116.86)",1,0,99,"(208.20, 1.78, -116.86)"
Spawn Point Wander,"Spawn Point (617.51 -0.35 -103.12)",1,0,99,"(617.51, -0.35, -103.12)"
Spawn Point Wander,"Spawn Point (323.29 1.65 -98.48)",1,0,99,"(323.29, 1.65, -98.48)"
Spawn Point Wander,"Spawn Point (642.10 1.43 45.54)",1,0,99,"(642.10, 1.43, 45.54)"
Spawn Point Wander,"Spawn Point (568.08 1.48 -111.66)",1,0,99,"(568.08, 1.48, -111.66)"
Spawn Point Wander,"Spawn Point (46.75 -3.95 126.18)",1,0,99,"(46.75, -3.95, 126.18)"
Spawn Point Wander,"Spawn Point (172.51 1.23 -6.28)",1,0,99,"(172.51, 1.23, -6.28)"
Spawn Point Wander,"Spawn Point (569.03 1.48 -117.38)",1,0,99,"(569.03, 1.48, -117.38)"
Spawn Point Wander,"Spawn Point (355.82 10.02 152.06)",1,0,99,"(355.82, 10.02, 152.06)"
Spawn Point Wander,"Spawn Point (-151.96 1.29 -137.95)",1,0,99,"(-151.96, 1.29, -137.95)"
Spawn Point Wander,"Spawn Point (-17.20 0.01 -140.96)",1,0,99,"(-17.20, 0.01, -140.96)"
Spawn Point Wander,"Spawn Point (378.98 1.22 -116.85)",1,0,99,"(378.98, 1.22, -116.85)"
Spawn Point Wander,"Spawn Point (8.68 1.26 -127.80)",1,0,99,"(8.68, 1.26, -127.80)"
Spawn Point Wander,"Spawn Point (175.29 1.22 -5.38)",1,0,99,"(175.29, 1.22, -5.38)"
Spawn Point Wander,"Spawn Point (-160.84 3.12 -101.73)",1,0,99,"(-160.84, 3.12, -101.73)"
Spawn Point Wander,"Spawn Point (423.79 1.05 42.34)",1,0,99,"(423.79, 1.05, 42.34)"
Spawn Point Wander,"Spawn Point (368.44 1.42 -90.08)",1,0,99,"(368.44, 1.42, -90.08)"
Spawn Point Wander,"Spawn Point (122.03 0.26 129.29)",1,0,99,"(122.03, 0.26, 129.29)"
Spawn Point Wander,"Spawn Point (294.95 2.10 -160.24)",1,0,99,"(294.95, 2.10, -160.24)"
Spawn Point Wander,"Spawn Point (-309.94 1.00 -96.98)",1,0,99,"(-309.94, 1.00, -96.98)"
Spawn Point Wander,"Spawn Point (-14.70 -7.74 121.60)",1,0,99,"(-14.70, -7.74, 121.60)"
Spawn Point Wander,"Spawn Point (62.57 7.75 -66.87)",1,0,99,"(62.57, 7.75, -66.87)"
Spawn Point Wander,"Spawn Point (571.17 1.49 -51.71)",1,0,99,"(571.17, 1.49, -51.71)"
Spawn Point Wander,"Spawn Point (61.08 9.02 -60.83)",1,0,99,"(61.08, 9.02, -60.83)"
Spawn Point Wander,"Spawn Point (90.13 1.36 -102.02)",1,0,99,"(90.13, 1.36, -102.02)"
Spawn Point Wander,"Spawn Point (388.42 1.12 -114.33)",1,0,99,"(388.42, 1.12, -114.33)"
Spawn Point Wander,"Spawn Point (545.02 3.24 50.95)",1,0,99,"(545.02, 3.24, 50.95)"
Spawn Point Wander,"Spawn Point (388.89 1.42 -97.20)",1,0,99,"(388.89, 1.42, -97.20)"
Spawn Point Wander,"Spawn Point (536.94 1.39 -114.27)",1,0,99,"(536.94, 1.39, -114.27)"
Spawn Point Wander,"Spawn Point (-9.67 -6.86 127.67)",1,0,99,"(-9.67, -6.86, 127.67)"
Spawn Point Wander,"Spawn Point (502.35 1.18 -64.43)",1,0,99,"(502.35, 1.18, -64.43)"
Spawn Point Wander,"Spawn Point (-157.74 1.60 -190.77)",1,0,99,"(-157.74, 1.60, -190.77)"
Spawn Point Wander,"Spawn Point (-194.30 1.56 -232.95)",1,0,99,"(-194.30, 1.56, -232.95)"
Spawn Point Wander,"Spawn Point (648.75 1.81 50.16)",1,0,99,"(648.75, 1.81, 50.16)"
Spawn Point Wander,"Spawn Point (178.59 -0.13 181.28)",1,0,99,"(178.59, -0.13, 181.28)"
Spawn Point Wander,"Spawn Point (-189.07 1.54 -235.22)",1,0,99,"(-189.07, 1.54, -235.22)"
Spawn Point Wander,"Spawn Point (580.00 -0.59 33.12)",1,0,99,"(580.00, -0.59, 33.12)"
Spawn Point Wander,"Spawn Point (96.62 1.27 -106.21)",1,0,99,"(96.62, 1.27, -106.21)"
Spawn Point Wander,"Spawn Point (663.25 1.22 -99.46)",1,0,99,"(663.25, 1.22, -99.46)"
Spawn Point Wander,"Spawn Point (394.92 2.18 -120.68)",1,0,99,"(394.92, 2.18, -120.68)"
Spawn Point Wander,"Spawn Point (629.68 1.43 -135.63)",1,0,99,"(629.68, 1.43, -135.63)"
Spawn Point Wander,"Spawn Point (19.33 -0.88 36.43)",1,0,99,"(19.33, -0.88, 36.43)"
Spawn Point Wander,"Spawn Point (-217.36 1.19 -136.96)",1,0,99,"(-217.36, 1.19, -136.96)"
Spawn Point Wander,"Spawn Point (87.05 1.05 -59.20)",1,0,99,"(87.05, 1.05, -59.20)"
Spawn Point Wander,"Spawn Point (-320.61 0.94 -223.80)",1,0,99,"(-320.61, 0.94, -223.80)"
Spawn Point Wander,"Spawn Point (291.50 2.35 -169.45)",1,0,99,"(291.50, 2.35, -169.45)"
Spawn Point Wander,"Spawn Point (481.06 2.70 -79.22)",1,0,99,"(481.06, 2.70, -79.22)"
Spawn Point Wander,"Spawn Point (-132.87 -1.81 43.98)",1,0,99,"(-132.87, -1.81, 43.98)"
Spawn Point Wander,"Spawn Point (-21.26 -8.54 115.30)",1,0,99,"(-21.26, -8.54, 115.30)"
Spawn Point Wander,"Spawn Point (313.80 1.16 -191.57)",1,0,99,"(313.80, 1.16, -191.57)"
Spawn Point Wander,"Spawn Point (18.78 1.36 -127.09)",1,0,99,"(18.78, 1.36, -127.09)"
Spawn Point Wander,"Spawn Point (537.49 1.08 -130.87)",1,0,99,"(537.49, 1.08, -130.87)"
Spawn Point Wander,"Spawn Point (571.59 11.37 145.27)",1,0,99,"(571.59, 11.37, 145.27)"
Spawn Point Wander,"Spawn Point (21.01 1.29 -109.49)",1,0,99,"(21.01, 1.29, -109.49)"
Spawn Point Wander,"Spawn Point (60.68 4.45 -67.65)",1,0,99,"(60.68, 4.45, -67.65)"
Spawn Point Wander,"Spawn Point (617.72 -0.35 -96.86)",1,0,99,"(617.72, -0.35, -96.86)"
Spawn Point Wander,"Spawn Point (41.75 1.23 -143.61)",1,0,99,"(41.75, 1.23, -143.61)"
Spawn Point Wander,"Spawn Point (522.43 10.14 179.68)",1,0,99,"(522.43, 10.14, 179.68)"
Spawn Point Wander,"Spawn Point (-323.87 1.13 -222.06)",1,0,99,"(-323.87, 1.13, -222.06)"
Spawn Point Wander,"Spawn Point (57.67 1.19 -37.50)",1,0,99,"(57.67, 1.19, -37.50)"
Spawn Point Wander,"Spawn Point (296.56 1.87 -200.61)",1,0,99,"(296.56, 1.87, -200.61)"
Spawn Point Wander,"Spawn Point (29.82 1.11 -29.48)",1,0,99,"(29.82, 1.11, -29.48)"
Spawn Point Wander,"Spawn Point (576.38 1.48 -115.35)",1,0,99,"(576.38, 1.48, -115.35)"
Spawn Point Wander,"Spawn Point (-321.02 0.95 -220.87)",1,0,99,"(-321.02, 0.95, -220.87)"
Spawn Point Wander,"Spawn Point (513.65 1.21 -55.33)",1,0,99,"(513.65, 1.21, -55.33)"
Spawn Point Wander,"Spawn Point (571.71 -0.94 6.60)",1,0,99,"(571.71, -0.94, 6.60)"
Spawn Point Wander,"Spawn Point (391.86 1.39 -86.19)",1,0,99,"(391.86, 1.39, -86.19)"
Spawn Point Wander,"Spawn Point (502.70 1.18 -62.12)",1,0,99,"(502.70, 1.18, -62.12)"
Spawn Point Wander,"Spawn Point (52.39 7.75 -59.90)",1,0,99,"(52.39, 7.75, -59.90)"
Spawn Point Wander,"Spawn Point (-209.14 -1.43 0.69)",1,0,99,"(-209.14, -1.43, 0.69)"
Spawn Point Wander,"Spawn Point (503.41 1.18 -57.56)",1,0,99,"(503.41, 1.18, -57.56)"
Spawn Point Wander,"Spawn Point (260.30 1.21 -91.09)",1,0,99,"(260.30, 1.21, -91.09)"
Spawn Point Wander,"Spawn Point (315.77 1.13 -79.12)",1,0,99,"(315.77, 1.13, -79.12)"
Spawn Point Wander,"Spawn Point (310.72 1.33 -157.00)",1,0,99,"(310.72, 1.33, -157.00)"
Spawn Point Wander,"Spawn Point (283.48 1.52 -70.01)",1,0,99,"(283.48, 1.52, -70.01)"
Spawn Point Wander,"Spawn Point (-19.77 -8.49 113.28)",1,0,99,"(-19.77, -8.49, 113.28)"
Spawn Point Wander,"Spawn Point (476.12 14.75 -71.86)",1,0,99,"(476.12, 14.75, -71.86)"
Spawn Point Wander,"Spawn Point (289.00 1.39 -196.15)",1,0,99,"(289.00, 1.39, -196.15)"
Spawn Point Wander,"Spawn Point (252.17 1.21 -108.46)",1,0,99,"(252.17, 1.21, -108.46)"
Spawn Point Wander,"Spawn Point (657.82 1.13 -134.82)",1,0,99,"(657.82, 1.13, -134.82)"
Spawn Point Wander,"Spawn Point (20.05 1.14 -115.49)",1,0,99,"(20.05, 1.14, -115.49)"
Spawn Point Wander,"Spawn Point (411.60 0.96 0.10)",1,0,99,"(411.60, 0.96, 0.10)"
Spawn Point Wander,"Spawn Point (615.61 -0.35 -96.83)",1,0,99,"(615.61, -0.35, -96.83)"
Spawn Point Wander,"Spawn Point (276.52 1.52 -57.06)",1,0,99,"(276.52, 1.52, -57.06)"
Spawn Point Wander,"Spawn Point (191.46 1.22 -2.51)",1,0,99,"(191.46, 1.22, -2.51)"
Spawn Point Wander,"Spawn Point (171.89 2.83 172.21)",1,0,99,"(171.89, 2.83, 172.21)"
Spawn Point Wander,"Spawn Point (420.47 1.15 22.55)",1,0,99,"(420.47, 1.15, 22.55)"
Spawn Point Wander,"Spawn Point (365.46 11.48 149.26)",1,0,99,"(365.46, 11.48, 149.26)"
Spawn Point Wander,"Spawn Point (66.08 1.24 -44.77)",1,0,99,"(66.08, 1.24, -44.77)"
Spawn Point Wander,"Spawn Point (-306.09 1.01 -89.42)",1,0,99,"(-306.09, 1.01, -89.42)"
Spawn Point Wander,"Spawn Point (463.79 1.21 -117.40)",1,0,99,"(463.79, 1.21, -117.40)"
Spawn Point Wander,"Spawn Point (-179.41 1.43 -235.03)",1,0,99,"(-179.41, 1.43, -235.03)"
Spawn Point Wander,"Spawn Point (5.79 1.17 -103.39)",1,0,99,"(5.79, 1.17, -103.39)"
Spawn Point Wander,"Spawn Point (487.64 1.68 41.11)",1,0,99,"(487.64, 1.68, 41.11)"
Spawn Point Wander,"Spawn Point (91.30 1.22 -104.94)",1,0,99,"(91.30, 1.22, -104.94)"
Spawn Point Wander,"Spawn Point (20.43 1.22 -124.85)",1,0,99,"(20.43, 1.22, -124.85)"
Spawn Point Wander,"Spawn Point (112.57 1.33 -56.44)",1,0,99,"(112.57, 1.33, -56.44)"
Spawn Point Wander,"Spawn Point (99.53 1.39 -66.62)",1,0,99,"(99.53, 1.39, -66.62)"
Spawn Point Wander,"Spawn Point (-214.58 -1.23 -0.40)",1,0,99,"(-214.58, -1.23, -0.40)"
Spawn Point Wander,"Spawn Point (52.63 4.47 -52.76)",1,0,99,"(52.63, 4.47, -52.76)"
Spawn Point Wander,"Spawn Point (359.96 11.48 154.31)",1,0,99,"(359.96, 11.48, 154.31)"
Spawn Point Wander,"Spawn Point (181.10 -0.11 178.05)",1,0,99,"(181.10, -0.11, 178.05)"
Spawn Point Wander,"Spawn Point (225.98 1.10 -80.74)",1,0,99,"(225.98, 1.10, -80.74)"
Spawn Point Wander,"Spawn Point (-303.39 1.01 -89.49)",1,0,99,"(-303.39, 1.01, -89.49)"
Spawn Point Wander,"Spawn Point (314.87 1.16 -93.12)",1,0,99,"(314.87, 1.16, -93.12)"
Spawn Point Wander,"Spawn Point (195.10 1.49 -170.14)",1,0,99,"(195.10, 1.49, -170.14)"
Spawn Point Wander,"Spawn Point (-30.96 -12.06 126.24)",1,0,99,"(-30.96, -12.06, 126.24)"
Spawn Point Wander,"Spawn Point (66.09 7.75 -67.55)",1,0,99,"(66.09, 7.75, -67.55)"
Spawn Point Wander,"Spawn Point (-320.57 0.94 -227.81)",1,0,99,"(-320.57, 0.94, -227.81)"
Spawn Point Wander,"Spawn Point (-335.62 0.31 -159.70)",1,0,99,"(-335.62, 0.31, -159.70)"
Spawn Rush,"Spawn Rush: Objective #1",1,0,99,"(-134.19, -1.39, 38.11)"
Boss Hunter (bossKnight),"Spawn Point (269.20 1.53 -55.64)",1,15,99,"(269.20, 1.53, -55.64)"
Boss Hunter (bossKnight),"Spawn Point (267.58 1.47 -75.20)",1,15,99,"(267.58, 1.47, -75.20)"
Boss Hunter (bossKnight),"Spawn Point (125.18 1.32 -146.14)",1,15,99,"(125.18, 1.32, -146.14)"
Boss Hunter (bossKnight),"Spawn Point (286.33 1.49 -52.32)",1,15,99,"(286.33, 1.49, -52.32)"
Boss Hunter (bossKnight),"Spawn Point (195.34 1.79 -126.13)",1,15,99,"(195.34, 1.79, -126.13)"
Boss Hunter (bossKnight),"Spawn Point (255.47 1.21 -108.38)",1,15,99,"(255.47, 1.21, -108.38)"
Boss Hunter (bossKnight),"Spawn Point (133.79 1.74 -82.03)",1,15,99,"(133.79, 1.74, -82.03)"
Boss Hunter (bossKnight),"Spawn Point (77.78 1.43 -108.10)",1,15,99,"(77.78, 1.43, -108.10)"
Boss Hunter (bossKnight),"Spawn Point (227.91 1.29 -86.40)",1,15,99,"(227.91, 1.29, -86.40)"
Boss Hunter (bossKnight),"Spawn Point (236.27 1.21 -95.12)",1,15,99,"(236.27, 1.21, -95.12)"
Boss Hunter (bossKnight),"Spawn Point (208.20 1.78 -116.86)",1,15,99,"(208.20, 1.78, -116.86)"
Boss Hunter (bossKnight),"Spawn Point (41.75 1.23 -143.61)",1,15,99,"(41.75, 1.23, -143.61)"
Boss Hunter (bossKnight),"Spawn Point (260.30 1.21 -91.09)",1,15,99,"(260.30, 1.21, -91.09)"
Boss Hunter (bossKnight),"Spawn Point (283.48 1.52 -70.01)",1,15,99,"(283.48, 1.52, -70.01)"
Boss Hunter (bossKnight),"Spawn Point (252.17 1.21 -108.46)",1,15,99,"(252.17, 1.21, -108.46)"
Boss Hunter (bossKnight),"Spawn Point (276.52 1.52 -57.06)",1,15,99,"(276.52, 1.52, -57.06)"
Boss Hunter (bossKnight),"Spawn Point (225.98 1.10 -80.74)",1,15,99,"(225.98, 1.10, -80.74)"
Boss Hunter (bossKnight),"Spawn Point (195.10 1.49 -170.14)",1,15,99,"(195.10, 1.49, -170.14)"
Boss Hunter (bossBully),"Spawn Point (447.43 7.60 111.09)",1,15,99,"(447.43, 7.60, 111.09)"
Boss Hunter (bossBully),"Spawn Point (269.20 1.53 -55.64)",1,15,99,"(269.20, 1.53, -55.64)"
Boss Hunter (bossBully),"Spawn Point (172.61 2.84 157.34)",1,15,99,"(172.61, 2.84, 157.34)"
Boss Hunter (bossBully),"Spawn Point (267.58 1.47 -75.20)",1,15,99,"(267.58, 1.47, -75.20)"
Boss Hunter (bossBully),"Spawn Point (125.18 1.32 -146.14)",1,15,99,"(125.18, 1.32, -146.14)"
Boss Hunter (bossBully),"Spawn Point (430.82 1.88 54.86)",1,15,99,"(430.82, 1.88, 54.86)"
Boss Hunter (bossBully),"Spawn Point (286.33 1.49 -52.32)",1,15,99,"(286.33, 1.49, -52.32)"
Boss Hunter (bossBully),"Spawn Point (195.34 1.79 -126.13)",1,15,99,"(195.34, 1.79, -126.13)"
Boss Hunter (bossBully),"Spawn Point (185.44 2.84 182.80)",1,15,99,"(185.44, 2.84, 182.80)"
Boss Hunter (bossBully),"Spawn Point (422.29 4.16 97.16)",1,15,99,"(422.29, 4.16, 97.16)"
Boss Hunter (bossBully),"Spawn Point (454.80 2.08 61.09)",1,15,99,"(454.80, 2.08, 61.09)"
Boss Hunter (bossBully),"Spawn Point (255.47 1.21 -108.38)",1,15,99,"(255.47, 1.21, -108.38)"
Boss Hunter (bossBully),"Spawn Point (133.79 1.74 -82.03)",1,15,99,"(133.79, 1.74, -82.03)"
Boss Hunter (bossBully),"Spawn Point (77.78 1.43 -108.10)",1,15,99,"(77.78, 1.43, -108.10)"
Boss Hunter (bossBully),"Spawn Point (190.70 -0.13 175.85)",1,15,99,"(190.70, -0.13, 175.85)"
Boss Hunter (bossBully),"Spawn Point (418.83 1.11 56.67)",1,15,99,"(418.83, 1.11, 56.67)"
Boss Hunter (bossBully),"Spawn Point (227.91 1.29 -86.40)",1,15,99,"(227.91, 1.29, -86.40)"
Boss Hunter (bossBully),"Spawn Point (467.41 1.57 60.06)",1,15,99,"(467.41, 1.57, 60.06)"
Boss Hunter (bossBully),"Spawn Point (236.27 1.21 -95.12)",1,15,99,"(236.27, 1.21, -95.12)"
Boss Hunter (bossBully),"Spawn Point (174.65 -0.13 152.71)",1,15,99,"(174.65, -0.13, 152.71)"
Boss Hunter (bossBully),"Spawn Point (208.20 1.78 -116.86)",1,15,99,"(208.20, 1.78, -116.86)"
Boss Hunter (bossBully),"Spawn Point (423.79 1.05 42.34)",1,15,99,"(423.79, 1.05, 42.34)"
Boss Hunter (bossBully),"Spawn Point (122.03 0.26 129.29)",1,15,99,"(122.03, 0.26, 129.29)"
Boss Hunter (bossBully),"Spawn Point (178.59 -0.13 181.28)",1,15,99,"(178.59, -0.13, 181.28)"
Boss Hunter (bossBully),"Spawn Point (41.75 1.23 -143.61)",1,15,99,"(41.75, 1.23, -143.61)"
Boss Hunter (bossBully),"Spawn Point (260.30 1.21 -91.09)",1,15,99,"(260.30, 1.21, -91.09)"
Boss Hunter (bossBully),"Spawn Point (283.48 1.52 -70.01)",1,15,99,"(283.48, 1.52, -70.01)"
Boss Hunter (bossBully),"Spawn Point (252.17 1.21 -108.46)",1,15,99,"(252.17, 1.21, -108.46)"
Boss Hunter (bossBully),"Spawn Point (411.60 0.96 0.10)",1,15,99,"(411.60, 0.96, 0.10)"
Boss Hunter (bossBully),"Spawn Point (276.52 1.52 -57.06)",1,15,99,"(276.52, 1.52, -57.06)"
Boss Hunter (bossBully),"Spawn Point (171.89 2.83 172.21)",1,15,99,"(171.89, 2.83, 172.21)"
Boss Hunter (bossBully),"Spawn Point (420.47 1.15 22.55)",1,15,99,"(420.47, 1.15, 22.55)"
Boss Hunter (bossBully),"Spawn Point (181.10 -0.11 178.05)",1,15,99,"(181.10, -0.11, 178.05)"
Boss Hunter (bossBully),"Spawn Point (225.98 1.10 -80.74)",1,15,99,"(225.98, 1.10, -80.74)"
Boss Hunter (bossBully),"Spawn Point (195.10 1.49 -170.14)",1,15,99,"(195.10, 1.49, -170.14)"
Boss Hunter (sectantPriest),"Spawn Point (269.20 1.53 -55.64)",1,15,99,"(269.20, 1.53, -55.64)"
Boss Hunter (sectantPriest),"Spawn Point (267.58 1.47 -75.20)",1,15,99,"(267.58, 1.47, -75.20)"
Boss Hunter (sectantPriest),"Spawn Point (125.18 1.32 -146.14)",1,15,99,"(125.18, 1.32, -146.14)"
Boss Hunter (sectantPriest),"Spawn Point (286.33 1.49 -52.32)",1,15,99,"(286.33, 1.49, -52.32)"
Boss Hunter (sectantPriest),"Spawn Point (195.34 1.79 -126.13)",1,15,99,"(195.34, 1.79, -126.13)"
Boss Hunter (sectantPriest),"Spawn Point (255.47 1.21 -108.38)",1,15,99,"(255.47, 1.21, -108.38)"
Boss Hunter (sectantPriest),"Spawn Point (133.79 1.74 -82.03)",1,15,99,"(133.79, 1.74, -82.03)"
Boss Hunter (sectantPriest),"Spawn Point (77.78 1.43 -108.10)",1,15,99,"(77.78, 1.43, -108.10)"
Boss Hunter (sectantPriest),"Spawn Point (227.91 1.29 -86.40)",1,15,99,"(227.91, 1.29, -86.40)"
Boss Hunter (sectantPriest),"Spawn Point (236.27 1.21 -95.12)",1,15,99,"(236.27, 1.21, -95.12)"
Boss Hunter (sectantPriest),"Spawn Point (208.20 1.78 -116.86)",1,15,99,"(208.20, 1.78, -116.86)"
Boss Hunter (sectantPriest),"Spawn Point (41.75 1.23 -143.61)",1,15,99,"(41.75, 1.23, -143.61)"
Boss Hunter (sectantPriest),"Spawn Point (260.30 1.21 -91.09)",1,15,99,"(260.30, 1.21, -91.09)"
Boss Hunter (sectantPriest),"Spawn Point (283.48 1.52 -70.01)",1,15,99,"(283.48, 1.52, -70.01)"
Boss Hunter (sectantPriest),"Spawn Point (252.17 1.21 -108.46)",1,15,99,"(252.17, 1.21, -108.46)"
Boss Hunter (sectantPriest),"Spawn Point (276.52 1.52 -57.06)",1,15,99,"(276.52, 1.52, -57.06)"
Boss Hunter (sectantPriest),"Spawn Point (225.98 1.10 -80.74)",1,15,99,"(225.98, 1.10, -80.74)"
Boss Hunter (sectantPriest),"Spawn Point (195.10 1.49 -170.14)",1,15,99,"(195.10, 1.49, -170.14)"
Power Switch,"Power Switch: Objective #1",2,0,99,"(352.19, 1.29, -39.13)"
Marked Room Rush,"Marked Room Rush: Objective #1",5,15,99,"(185.22, 5.87, 183.21)"
Crackhouse Rush,"Crackhouse Rush: Objective #1",1,0,99,"(84.96, 1.49, -145.77)"
Dorms 2 Story Rush,"Dorms 2 Story Rush: Objective #1",1,0,99,"(229.84, -0.03, 141.85)"
Dorms 3 Story Rush,"Dorms 3 Story Rush: Objective #1",1,0,99,"(178.22, -0.13, 155.41)"
Big Red Rush,"Big Red Rush: Objective #1",1,0,99,"(-204.12, 1.12, -105.59)"
Flash-Drive Van,"Flash-Drive Van: Objective #1",1,0,99,"(518.47, 1.12, -98.77)"
Crackhouse,"Crackhouse: Objective #1",1,0,99,"(79.27, 1.52, -155.50)"
Crackhouse,"Crackhouse: Objective #2",1,0,99,"(84.96, 1.49, -145.77)"
Crackhouse,"Crackhouse: Objective #3",1,0,99,"(87.28, 4.75, -150.38)"
Crackhouse,"Crackhouse: Objective #4",1,0,99,"(87.77, 1.47, -149.39)"
Crackhouse,"Crackhouse: Objective #5",1,0,99,"(81.71, 1.52, -162.11)"
Crackhouse,"Crackhouse: Objective #6",2,0,99,"(79.30, 4.72, -166.12)"
Crackhouse,"Crackhouse: Objective #7",1,0,99,"(78.02, 4.72, -152.76)"
Dorms 2 Story,"Dorms 2 Story: Objective #1",1,0,99,"(229.84, -0.03, 141.85)"
Dorms 2 Story,"Dorms 2 Story: Objective #2",1,0,99,"(233.04, -0.08, 147.19)"
Dorms 2 Story,"Dorms 2 Story: Objective #3",1,0,99,"(226.18, -0.08, 135.26)"
Dorms 2 Story,"Dorms 2 Story: Objective #4",1,0,99,"(224.06, -0.08, 139.57)"
Dorms 2 Story,"Dorms 2 Story: Objective #5",1,0,99,"(225.95, -0.08, 145.37)"
Dorms 2 Story,"Dorms 2 Story: Objective #6",1,0,99,"(227.34, -0.08, 147.82)"
Dorms 2 Story,"Dorms 2 Story: Objective #7",1,0,99,"(228.70, -0.08, 160.55)"
Dorms 2 Story,"Dorms 2 Story: Objective #8",1,0,99,"(237.59, -0.08, 160.00)"
Dorms 2 Story,"Dorms 2 Story: Objective #9",1,0,99,"(224.73, 2.92, 129.31)"
Dorms 2 Story,"Dorms 2 Story: Objective #10",1,0,99,"(236.20, 2.92, 156.60)"
Dorms 3 Story,"Dorms 3 Story: Objective #1",1,0,99,"(178.22, -0.13, 155.41)"
Dorms 3 Story,"Dorms 3 Story: Objective #2",1,0,99,"(170.33, 0.03, 162.49)"
Dorms 3 Story,"Dorms 3 Story: Objective #3",2,0,99,"(182.11, -0.12, 171.61)"
Dorms 3 Story,"Dorms 3 Story: Objective #4",1,0,99,"(171.04, 2.87, 147.65)"
Dorms 3 Story,"Dorms 3 Story: Objective #5",1,0,99,"(171.71, 2.87, 168.85)"
Dorms 3 Story,"Dorms 3 Story: Objective #6",1,0,99,"(180.50, 5.87, 145.93)"
Dorms 3 Story,"Dorms 3 Story: Objective #7",2,0,99,"(195.77, 5.87, 172.44)"
Dorms 3 Story,"Dorms 3 Story: Objective #8",1,0,99,"(194.47, -0.13, 179.94)"
Dorms 3 Story,"Dorms 3 Story: Objective #9",1,0,99,"(171.28, 2.87, 150.56)"
Dorms 3 Story,"Dorms 3 Story: Objective #10",2,0,99,"(172.27, 2.87, 172.63)"
Dorms 3 Story,"Dorms 3 Story: Objective #11",1,0,99,"(175.44, 2.87, 183.91)"
Dorms 3 Story,"Dorms 3 Story: Objective #12",1,0,99,"(194.32, 2.87, 179.44)"
Dorms 3 Story,"Dorms 3 Story: Objective #13",1,0,99,"(185.19, 5.90, 182.80)"
Big Red,"Big Red: Objective #1",1,0,99,"(-204.12, 1.12, -105.59)"
Big Red,"Big Red: Objective #2",1,0,99,"(-219.60, 1.15, -149.12)"
Big Red,"Big Red: Objective #3",1,0,99,"(-203.10, 1.13, -142.89)"
Big Red,"Big Red: Objective #4",1,0,99,"(-202.46, 7.07, -100.50)"
Big Red,"Big Red: Objective #5",1,0,99,"(-202.99, 7.07, -106.99)"
Fortress,"Fortress: Objective #1",1,0,99,"(198.33, 1.85, -114.27)"
Fortress,"Fortress: Objective #2",1,0,99,"(204.69, 7.78, -113.15)"
Fortress,"Fortress: Objective #3",1,0,99,"(206.30, 7.80, -98.27)"
Fortress,"Fortress: Objective #4",1,0,99,"(194.39, 7.81, -130.87)"
Fortress,"Fortress: Objective #5",1,0,99,"(216.44, 7.79, -143.12)"
Fortress,"Fortress: Objective #6",1,0,99,"(192.95, 7.80, -102.65)"
Fortress,"Fortress: Objective #7",1,0,99,"(198.20, 1.77, -149.10)"
Fortress,"Fortress: Objective #8",3,0,99,"(205.56, 1.77, -125.00)"
Fortress,"Fortress: Objective #9",4,0,99,"(190.10, 1.77, -103.65)"
Storage Building,"Storage Building: Objective #1",1,0,99,"(384.57, 1.44, -107.58)"
Storage Building,"Storage Building: Objective #2",1,0,99,"(374.99, 1.37, -95.73)"
Warehouse 4,"Warehouse 4: Objective #1",1,0,99,"(345.41, 1.27, -79.52)"
Warehouse 4,"Warehouse 4: Objective #2",1,0,99,"(339.27, 1.29, -82.36)"
Warehouse 4,"Warehouse 4: Objective #3",1,0,99,"(324.73, 2.52, -61.58)"
Short Cut,"Short Cut: Objective #1",1,5,99,"(360.02, 1.37, -12.95)"
Container Building,"Container Building: Objective #1",1,0,99,"(464.79, 2.63, -64.06)"
Container Building,"Container Building: Objective #2",1,0,99,"(467.39, 2.82, -50.35)"
Repair Shop,"Repair Shop: Objective #1",1,0,99,"(560.78, 1.42, -86.94)"
Repair Shop,"Repair Shop: Objective #2",1,0,99,"(565.36, 1.46, -49.91)"
Repair Shop,"Repair Shop: Objective #3",1,0,99,"(564.54, 6.77, -80.16)"
Repair Shop,"Repair Shop: Objective #4",1,0,99,"(573.75, 6.77, -81.48)"
Repair Shop,"Repair Shop: Objective #5",1,0,99,"(566.52, 6.77, -89.93)"
Repair Shop,"Repair Shop: Objective #6",1,0,99,"(564.05, 6.72, -55.10)"
Repair Shop,"Repair Shop: Objective #7",1,0,99,"(565.56, 6.72, -50.70)"
Repair Shop,"Repair Shop: Objective #8",1,0,99,"(577.83, 6.74, -51.31)"
Repair Shop,"Repair Shop: Objective #9",1,0,99,"(567.81, 6.72, -57.27)"
Admin Gate,"Admin Gate: Objective #1",1,0,99,"(670.32, 1.12, -50.53)"
Factory Far Corner,"Factory Far Corner: Objective #1",1,0,99,"(656.91, 1.22, -150.10)"
Glass Building,"Glass Building: Objective #1",1,0,99,"(604.45, 1.47, -133.87)"
Glass Building,"Glass Building: Objective #2",1,0,99,"(621.85, 1.47, -126.37)"
Glass Building,"Glass Building: Objective #3",2,0,99,"(603.20, 4.62, -123.36)"
Glass Building,"Glass Building: Objective #4",1,0,99,"(622.05, 4.62, -125.29)"
Smokestack,"Smokestack: Objective #1",1,0,99,"(573.90, 1.46, -114.95)"
Smokestack,"Smokestack: Objective #2",1,0,99,"(570.78, 9.22, -125.47)"
Smokestack,"Smokestack: Objective #3",1,0,99,"(554.30, 4.02, -125.84)"
Scav Checkpoint,"Scav Checkpoint: Objective #1",1,0,99,"(647.67, -0.18, -18.51)"
Scav Checkpoint,"Scav Checkpoint: Objective #2",1,0,99,"(654.88, 0.28, -14.87)"
Checkpoint,"Checkpoint: Objective #1",1,0,99,"(577.93, -0.53, -3.50)"
Checkpoint,"Checkpoint: Objective #2",1,0,99,"(580.95, -0.05, 4.29)"
Military Base CP,"Military Base CP: Objective #1",1,0,99,"(661.71, 1.14, 126.10)"
Passage between Rocks,"Passage between Rocks: Objective #1",1,0,99,"(560.05, 12.18, 163.37)"
Substation,"Substation: Objective #1",1,0,99,"(514.95, 14.00, 123.62)"
Substation,"Substation: Objective #2",1,0,99,"(507.26, 14.11, 117.09)"
Substation,"Substation: Objective #3",1,0,99,"(500.71, 14.89, 104.09)"
Substation,"Substation: Objective #4",1,0,99,"(503.13, 15.17, 92.67)"
Substation,"Substation: Objective #5",1,0,99,"(492.36, 15.74, 104.13)"
Substation,"Substation: Objective #6",1,0,99,"(492.30, 14.21, 128.69)"
Train Car,"Train Car: Objective #1",1,0,99,"(454.71, 4.74, 178.25)"
Antenna,"Antenna: Objective #1",1,0,99,"(393.53, 15.09, 205.37)"
Dorms Camp 1,"Dorms Camp 1: Objective #1",1,0,99,"(110.66, -2.82, 159.81)"
Dorms Camp 2,"Dorms Camp 2: Objective #1",1,0,99,"(303.28, 4.41, 155.06)"
North Shack by Big Red,"North Shack by Big Red: Objective #1",1,0,99,"(-183.92, 1.78, -186.80)"
South Shack by Big Red,"South Shack by Big Red: Objective #1",1,0,99,"(-203.11, 1.22, -32.88)"
Storage,"Storage: Objective #1",1,0,99,"(-253.79, 0.87, -64.54)"
Storage,"Storage: Objective #2",1,0,99,"(-252.44, 1.02, -90.56)"
Storage,"Storage: Objective #3",1,0,99,"(-270.98, 0.98, -115.46)"
Storage,"Storage: Objective #4",1,0,99,"(-295.12, 0.97, -117.18)"
Storage,"Storage: Objective #5",1,0,99,"(-293.17, 1.00, -141.54)"
Storage,"Storage: Objective #6",1,0,99,"(-293.60, 0.99, -173.60)"
Storage,"Storage: Objective #7",1,0,99,"(-271.71, 0.96, -168.84)"
Storage,"Storage: Objective #8",1,0,99,"(-261.57, 0.91, -167.18)"
Trailer Park Cabin,"Trailer Park Cabin: Objective #1",1,0,99,"(-255.63, 3.07, -233.67)"
RUAF Checkpoint,"RUAF Checkpoint: Objective #1",1,0,99,"(2.46, 1.12, -125.95)"
Warehouse 17 Rear,"Warehouse 17 Rear: Objective #1",1,0,99,"(40.33, 1.14, -80.56)"
Garage,"Garage: Objective #1",1,0,99,"(101.45, 1.33, -96.91)"
Garage,"Garage: Objective #2",1,0,99,"(112.22, 1.32, -87.61)"
Garage,"Garage: Objective #3",1,0,99,"(113.13, 4.07, -86.44)"
Porta Potty,"Porta Potty: Objective #1",1,0,99,"(206.23, 4.12, -238.95)"
Giving Tree,"Giving Tree: Objective #1",1,0,99,"(289.55, 1.16, -191.93)"
Old Gas,"Old Gas: Objective #1",1,0,99,"(316.64, 1.47, -185.16)"
Old Gas,"Old Gas: Objective #2",1,0,99,"(345.73, 1.12, -162.60)"
Construction,"Construction: Objective #1",2,0,99,"(70.82, 6.75, -13.10)"
Skeleton,"Skeleton: Objective #1",1,0,99,"(218.19, 7.34, -3.68)"
Skeleton,"Skeleton: Objective #2",1,0,99,"(210.61, 7.32, -3.87)"
Factory Shacks,"Factory Shacks: Objective #1",1,0,99,"(203.49, 1.10, 15.13)"
Bus Terminal,"Bus Terminal: Objective #1",1,0,99,"(254.03, -0.58, 50.00)"
Container near Dorms,"Container near Dorms: Objective #1",1,0,99,"(202.42, -3.07, 71.65)"
Ice Cream,"Ice Cream: Objective #1",1,0,99,"(13.49, -0.93, 37.47)"
New Gas,"New Gas: Objective #1",1,0,99,"(411.05, 1.26, 21.72)"
New Gas,"New Gas: Objective #2",1,0,99,"(417.66, 1.17, 38.14)"
New Gas,"New Gas: Objective #3",1,0,99,"(412.32, 1.17, 39.52)"
RUAF Crossing Camping,"RUAF Crossing Camping: Objective #1",2,0,99,"(-11.95, 0.18, -110.22)"
RUAF Crossing Camping,"RUAF Crossing Camping: Objective #2",2,0,99,"(6.12, 1.12, -130.40)"
Center Crossing Camping,"Center Crossing Camping: Objective #1",2,0,99,"(20.00, 2.37, -24.39)"
Junk Bridge Crossing Camping,"Junk Bridge Crossing Camping: Objective #1",2,0,99,"(-9.84, -3.73, 64.27)"
Dorms 3 Story Bathroom Camping Floor 1,"Dorms 3 Story Bathroom Camping Floor 1: Objective #1",4,0,99,"(174.22, -0.13, 168.83)"
Dorms 3 Story Bathroom Camping Floor 2,"Dorms 3 Story Bathroom Camping Floor 2: Objective #1",4,0,99,"(174.42, 2.90, 168.89)"
Dorms 2 Story Bathroom Camping Floor 1,"Dorms 2 Story Bathroom Camping Floor 1: Objective #1",4,0,99,"(234.17, -0.08, 150.71)"
Dorms 3 Story Roof Sniping,"Dorms 3 Story Roof Sniping: Objective #1",2,0,99,"(190.59, 5.97, 170.46)"
New Gas Sniping,"New Gas Sniping: Objective #1",2,0,99,"(476.32, 9.55, 66.97)"
Crackhouse Area Sniping,"Crackhouse Area Sniping: Objective #1",2,0,99,"(71.15, 1.12, -129.20)"
Fortress Sniping,"Fortress Sniping: Objective #1",2,0,99,"(198.77, 7.77, -99.73)"
Fortress Sniping,"Fortress Sniping: Objective #2",2,0,99,"(192.25, 7.81, -101.74)"
Fortress Sniping,"Fortress Sniping: Objective #3",2,0,99,"(189.83, 7.77, -109.90)"
Fortress Sniping,"Fortress Sniping: Objective #4",2,0,99,"(194.22, 7.77, -132.40)"
Fortress Sniping,"Fortress Sniping: Objective #5",2,0,99,"(217.27, 7.77, -143.66)"
Fortress Sniping,"Fortress Sniping: Objective #6",2,0,99,"(213.93, 7.77, -131.10)"
Fortress Sniping,"Fortress Sniping: Objective #7",2,0,99,"(210.39, 7.77, -112.12)"
Old Gas Sniping,"Old Gas Sniping: Objective #1",2,0,99,"(358.02, 4.14, -125.60)"
Container Building Ambush,"Container Building Ambush: Objective #1",2,0,99,"(511.06, 5.84, -55.22)"
Checkpoint Sniping,"Checkpoint Sniping: Objective #1",2,0,99,"(512.98, 9.23, 60.37)"
Big Red Camping,"Big Red Camping: Objective #1",2,0,99,"(-217.62, 1.12, -132.53)"
Big Red Camping,"Big Red Camping: Objective #2",4,0,99,"(-203.52, 7.07, -106.48)"
Bridge Sniping,"Bridge Sniping: Objective #1",2,0,99,"(-38.80, 0.42, -5.24)"
Bridge Sniping,"Bridge Sniping: Objective #2",2,0,99,"(-67.06, 0.42, 13.57)"
OLI Logistics Trunk,"OLI Logistics Trunk: Objective #1",1,1,99,"(343.45, 1.12, -10.06)"
Giving Trunk,"Giving Trunk: Objective #1",1,1,99,"(-259.40, 0.83, -75.15)"
Warehouse 17,"Warehouse 17: Objective #1",1,1,99,"(68.53, 1.17, -59.71)"
Warehouse 17,"Warehouse 17: Objective #2",1,1,99,"(64.22, 1.17, -65.64)"
Warehouse 17,"Warehouse 17: Objective #3",1,1,99,"(70.58, 1.18, -66.65)"
Warehouse 17,"Warehouse 17: Objective #4",1,1,99,"(47.00, 1.17, -63.39)"
Warehouse 17,"Warehouse 17: Objective #5",1,1,99,"(51.58, 1.21, -50.97)"
Warehouse 17,"Warehouse 17: Objective #6",1,1,99,"(51.10, 4.47, -45.91)"
Warehouse 17,"Warehouse 17: Objective #7",1,1,99,"(40.05, 4.49, -52.11)"
Warehouse 17,"Warehouse 17: Objective #8",1,1,99,"(34.58, 4.50, -54.76)"
Warehouse 17,"Warehouse 17: Objective #9",1,1,99,"(42.95, 4.47, -60.56)"
Warehouse 17,"Warehouse 17: Objective #10",1,1,99,"(47.93, 4.52, -58.87)"
Warehouse 17,"Warehouse 17: Objective #11",1,1,99,"(24.97, 4.47, -61.00)"
Warehouse 17,"Warehouse 17: Objective #12",1,1,99,"(26.94, 4.47, -54.64)"
Warehouse 17,"Warehouse 17: Objective #13",1,1,99,"(66.06, 7.78, -67.51)"
Warehouse 17,"Warehouse 17: Objective #14",2,1,99,"(66.49, 9.03, -58.17)"
Boiler Building,"Boiler Building: Objective #1",1,1,99,"(91.95, 1.37, -44.22)"
Boiler Building,"Boiler Building: Objective #2",2,1,99,"(91.74, 1.38, -60.01)"
Boiler Building,"Boiler Building: Objective #3",1,1,99,"(93.50, 1.45, -67.89)"
Boiler Building,"Boiler Building: Objective #4",1,1,99,"(113.35, 1.33, -58.82)"
Boiler Building,"Boiler Building: Objective #5",1,1,99,"(106.72, 1.32, -48.54)"
Boiler Building,"Boiler Building: Objective #6",1,1,99,"(101.07, 1.36, -42.60)"
Boiler Building,"Boiler Building: Objective #7",1,1,99,"(113.95, 1.34, -39.50)"
Boiler Building,"Boiler Building: Objective #8",1,1,99,"(130.84, 1.37, -65.63)"
Boiler Building,"Boiler Building: Objective #9",1,1,99,"(101.35, 4.87, -47.88)"
Boiler Building,"Boiler Building: Objective #10",1,1,99,"(122.40, 7.17, -46.73)"
Boiler Building,"Boiler Building: Objective #11",1,1,99,"(117.92, 7.17, -37.69)"
Boiler Building,"Boiler Building: Objective #12",1,1,99,"(94.94, 7.17, -45.45)"
Boiler Building Office,"Boiler Building Office: Objective #1",4,1,99,"(94.05, 7.20, -58.28)"
Industrial Plant Silos,"Industrial Plant Silos: Objective #1",1,1,99,"(257.72, -0.78, -11.09)"
Industrial Plant Silos,"Industrial Plant Silos: Objective #2",1,1,99,"(260.07, 5.21, -24.08)"
Industrial Plant Silos,"Industrial Plant Silos: Objective #3",1,1,99,"(249.19, 5.22, -35.18)"
Industrial Plant Silos,"Industrial Plant Silos: Objective #4",1,1,99,"(256.42, 8.47, -36.74)"
Industrial Plant Silos,"Industrial Plant Silos: Objective #5",1,1,99,"(252.98, 11.72, -18.39)"
Industrial Plant Silos,"Industrial Plant Silos: Objective #6",1,1,99,"(251.28, 11.72, -36.49)"
Industrial Plant,"Industrial Plant: Objective #1",1,1,99,"(275.00, 1.52, -76.45)"
Industrial Plant,"Industrial Plant: Objective #2",1,1,99,"(268.15, 1.52, -75.57)"
Industrial Plant,"Industrial Plant: Objective #3",1,1,99,"(270.51, 1.52, -66.60)"
Industrial Plant,"Industrial Plant: Objective #4",1,1,99,"(257.45, 1.52, -61.19)"
Industrial Plant,"Industrial Plant: Objective #5",1,1,99,"(267.51, 5.97, -74.61)"
Industrial Plant,"Industrial Plant: Objective #6",1,1,99,"(274.08, 6.46, -34.32)"
Industrial Plant,"Industrial Plant: Objective #7",1,1,99,"(275.37, 8.97, -19.21)"
Industrial Plant,"Industrial Plant: Objective #8",1,1,99,"(280.94, 9.20, -15.81)"
Industrial Plant,"Industrial Plant: Objective #9",1,1,99,"(271.37, 8.12, -7.93)"
Industrial Plant,"Industrial Plant: Objective #10",1,1,99,"(268.93, 8.77, -55.93)"
Industrial Plant,"Industrial Plant: Objective #11",1,1,99,"(257.77, 5.85, -65.74)"
Industrial Plant,"Industrial Plant: Objective #12",1,1,99,"(268.40, 12.67, -58.14)"
Industrial Plant,"Industrial Plant: Objective #13",1,1,99,"(270.50, 12.67, -62.43)"
Industrial Plant,"Industrial Plant: Objective #14",2,1,99,"(269.65, 12.77, -72.61)"
Industrial Plant Sniping Top Floor,"Industrial Plant Sniping Top Floor: Objective #1",2,0,99,"(253.86, 12.73, -73.41)"
Industrial Plant Sniping Top Floor,"Industrial Plant Sniping Top Floor: Objective #2",2,0,99,"(255.22, 12.72, -69.83)"
Industrial Plant Sniping Top Floor,"Industrial Plant Sniping Top Floor: Objective #3",2,0,99,"(256.61, 12.72, -61.95)"
Industrial Plant Sniping Top Floor,"Industrial Plant Sniping Top Floor: Objective #4",2,0,99,"(258.37, 12.79, -54.27)"
Industrial Plant Sniping Middle Floor,"Industrial Plant Sniping Middle Floor: Objective #1",2,0,99,"(280.55, 9.22, -15.73)"
Industrial Plant Interior Camping,"Industrial Plant Interior Camping: Objective #1",2,0,99,"(269.95, 8.77, -55.06)"
Industrial Plant Exterior Camping,"Industrial Plant Exterior Camping: Objective #1",2,0,99,"(269.72, 1.15, 6.24)"
Industrial Plant Silos Sniping,"Industrial Plant Silos Sniping: Objective #1",2,0,99,"(252.31, 11.72, -37.14)"
Industrial Plant Silos Sniping,"Industrial Plant Silos Sniping: Objective #2",2,0,99,"(250.09, 11.72, -29.91)"
Industrial Plant Silos Sniping,"Industrial Plant Silos Sniping: Objective #3",2,0,99,"(253.23, 11.72, -14.18)"
Industrial Plant Silos Sniping,"Industrial Plant Silos Sniping: Objective #4",2,0,99,"(254.59, 11.72, -8.91)"
Industrial Plant Silos Sniping,"Industrial Plant Silos Sniping: Objective #5",2,0,99,"(263.28, 11.72, -5.43)"
Industrial Plant Silos Sniping,"Industrial Plant Silos Sniping: Objective #6",2,0,99,"(263.85, 8.42, -5.96)"
Industrial Plant Silos Sniping,"Industrial Plant Silos Sniping: Objective #7",2,0,99,"(253.96, 8.50, -12.92)"
Industrial Plant Silos Sniping,"Industrial Plant Silos Sniping: Objective #8",2,0,99,"(253.24, 8.50, -16.81)"
Industrial Plant Silos Sniping,"Industrial Plant Silos Sniping: Objective #9",2,0,99,"(249.10, 8.47, -32.61)"
Industrial Plant Silos Sniping,"Industrial Plant Silos Sniping: Objective #10",2,0,99,"(252.64, 8.47, -37.30)"
Industrial Plant Silos Sniping,"Industrial Plant Silos Sniping: Objective #11",2,0,99,"(254.98, 5.17, -7.11)"
Industrial Plant Silos Sniping,"Industrial Plant Silos Sniping: Objective #12",2,0,99,"(250.91, 5.23, -36.31)"
Boiler Building Upstairs Sniping,"Boiler Building Upstairs Sniping: Objective #1",2,0,99,"(121.84, 7.17, -44.82)"
Boiler Building Upstairs Sniping,"Boiler Building Upstairs Sniping: Objective #2",2,0,99,"(117.20, 7.17, -37.65)"
Boiler Building Upstairs Sniping,"Boiler Building Upstairs Sniping: Objective #3",2,0,99,"(112.00, 7.18, -38.86)"
Boiler Building Upstairs Sniping,"Boiler Building Upstairs Sniping: Objective #4",2,0,99,"(101.96, 7.17, -41.31)"
Boiler Building Upstairs Sniping,"Boiler Building Upstairs Sniping: Objective #5",2,0,99,"(93.39, 7.17, -42.78)"
Boiler Building Downstairs Sniping,"Boiler Building Downstairs Sniping: Objective #1",2,0,99,"(95.10, 1.39, -75.57)"
Warehouse 17 Sniping,"Warehouse 17 Sniping: Objective #1",2,0,99,"(33.17, 4.47, -53.53)"
Warehouse 17 Sniping,"Warehouse 17 Sniping: Objective #2",2,0,99,"(26.31, 4.47, -55.06)"
Warehouse 17 Sniping,"Warehouse 17 Sniping: Objective #3",2,0,99,"(24.73, 4.51, -56.91)"
Industrial Plant Silos Counter-Sniping,"Industrial Plant Silos Counter-Sniping: Objective #1",2,0,99,"(228.59, 7.37, -12.87)"
Skeleton Bush Camping,"Skeleton Bush Camping: Objective #1",2,0,99,"(237.11, 1.33, 6.80)"
Airdrop Chaser,"Airdrop Chaser: Objective #1",1,0,99,"(-205.44, 0.97, -195.06)"
